SimulationSecond,ReceiveRate,PacketsReceived,NumberOfSinks,RoutingProtocol,TransmissionPower,WavePktsSent,WavePtksReceived,WavePktsPpr,ExpectedWavePktsReceived,ExpectedWavePktsInCoverageReceived,BSM_PDR1,BSM_PDR2,BSM_PDR3,BSM_PDR4,BSM_PDR5,BSM_PDR6,BSM_PDR7,BSM_PDR8,BSM_PDR9,BSM_PDR10,MacPhyOverhead
0,0,0,10,protocol,7.5,0,0,0,0,0,0,0,0,0,0,0,0,0,0,0,0
1,0,0,10,protocol,7.5,0,0,0,0,0,0,0,0,0,0,0,0,0,0,0,0
2,0,0,10,protocol,7.5,1040,23861,22.9433,2180,2104,0.965138,0.965138,0.302602,0.132118,0.10145,0.0613596,0.0507436,0.0354626,0.0284871,0.0261202,0.363475
3,0,0,10,protocol,7.5,1160,26200,22.5862,2780,2680,0.964029,0.964029,0.353813,0.128821,0.101562,0.0588828,0.0496114,0.0345495,0.0281076,0.0258396,0.355674
4,0,0,10,protocol,7.5,1220,27473,22.5189,3180,3049,0.958805,0.958805,0.357644,0.129786,0.101411,0.0589039,0.0495512,0.0345122,0.0281772,0.0259924,0.351581
5,0,0,10,protocol,7.5,2220,46331,20.8698,12156,11286,0.92843,0.928454,0.359229,0.136002,0.106206,0.0627161,0.052379,0.0365221,0.0295521,0.0272125,0.333019
6,0,0,10,protocol,7.5,2330,48228,20.6987,12789,11679,0.913207,0.913724,0.382384,0.134734,0.105356,0.0618092,0.0514086,0.0359298,0.0293094,0.0271145,0.323585
7,0,0,10,protocol,7.5,2390,47657,19.9402,11314,9852,0.87078,0.833217,0.364244,0.130004,0.098256,0.0588756,0.048644,0.0338525,0.0277284,0.0257217,0.317907
