BSM_PDR1,BSM_PDR2,BSM_PDR3,BSM_PDR4,BSM_PDR5,BSM_PDR6,BSM_PDR7,BSM_PDR8,BSM_PDR9,BSM_PDR10,AverageRoutingGoodputKbps,MacPhyOverhead
0.932236,0.859938,0.575089,0.2742,0.134552,0.091667,0.0718335,0.0416541,0.0284353,0.0167982,0,0.266385
0.931764,0.859554,0.574729,0.274032,0.13447,0.0916107,0.0717894,0.0416285,0.0284178,0.0167879,0,0.266424
0.901716,0.811906,0.504643,0.250175,0.121261,0.0835193,0.0647104,0.0374593,0.0256329,0.0151383,0,0.268121
0.901716,0.811906,0.504643,0.250175,0.121261,0.0835193,0.0647104,0.0374593,0.0256329,0.0151383,0,0.268121
0.889668,0.792481,0.475978,0.23841,0.114574,0.0792076,0.0611555,0.035444,0.0243404,0.0143638,0,0.269166
0.889037,0.792053,0.475655,0.238253,0.114499,0.0791554,0.0611153,0.0354207,0.0243244,0.0143544,0,0.269132
