BSM_PDR1,BSM_PDR2,BSM_PDR3,BSM_PDR4,BSM_PDR5,BSM_PDR6,BSM_PDR7,BSM_PDR8,BSM_PDR9,BSM_PDR10,AverageRoutingGoodputKbps,MacPhyOverhead
0.891648,0.825208,0.612372,0.316399,0.140024,0.0983703,0.0767027,0.0433471,0.0293892,0.0181578,0,0.261222
0.891311,0.824997,0.612389,0.316408,0.140028,0.098373,0.0767048,0.0433483,0.02939,0.0181583,0,0.261222
0.891482,0.825026,0.612258,0.31634,0.139998,0.0983519,0.0766884,0.043339,0.0293837,0.0181544,0,0.261234
0.891611,0.825452,0.612531,0.316481,0.14006,0.0983957,0.0767226,0.0433584,0.0293968,0.0181625,0,0.261237
0.891529,0.825354,0.612678,0.316557,0.140094,0.0984194,0.076741,0.0433688,0.0294039,0.0181668,0,0.261243
0.891217,0.824962,0.612206,0.316313,0.139986,0.0983436,0.0766819,0.0433354,0.0293812,0.0181529,0,0.261242
