BSM_PDR1,BSM_PDR2,BSM_PDR3,BSM_PDR4,BSM_PDR5,BSM_PDR6,BSM_PDR7,BSM_PDR8,BSM_PDR9,BSM_PDR10,AverageRoutingGoodputKbps,MacPhyOverhead
0.857407,0.832492,0.814578,0.804545,0.790831,0.770643,0.748303,0.672662,0.610289,0.46751,0,0.223632
0.853704,0.782239,0.545317,0.517702,0.576021,0.613538,0.618617,0.573484,0.529232,0.413639,0,0.223632
