BSM_PDR1,BSM_PDR2,BSM_PDR3,BSM_PDR4,BSM_PDR5,BSM_PDR6,BSM_PDR7,BSM_PDR8,BSM_PDR9,BSM_PDR10,AverageRoutingGoodputKbps,MacPhyOverhead
0.211048,0.210372,0.195545,0.18674,0.147643,0.112822,0.0882992,0.0612975,0.0471827,0.0326122,0,0.282854
0.426451,0.333798,0.207593,0.150608,0.116011,0.0925648,0.0732107,0.0511458,0.0395203,0.027367,0,0.282863
