BSM_PDR1,BSM_PDR2,BSM_PDR3,BSM_PDR4,BSM_PDR5,BSM_PDR6,BSM_PDR7,BSM_PDR8,BSM_PDR9,BSM_PDR10,AverageRoutingGoodputKbps,MacPhyOverhead
0.891917,0.825467,0.612674,0.316555,0.140093,0.0984188,0.0767405,0.0433685,0.0294037,0.0181667,0,0.261221
0.891993,0.825667,0.612795,0.316623,0.140121,0.0984381,0.0767556,0.043377,0.0294095,0.0181703,0,0.261126
0.891945,0.825488,0.612607,0.316526,0.140078,0.098408,0.0767322,0.0433638,0.0294005,0.0181647,0,0.261114
0.891917,0.825467,0.612674,0.316555,0.140093,0.0984188,0.0767405,0.0433685,0.0294037,0.0181667,0,0.261221
0.892313,0.825873,0.612786,0.316619,0.140119,0.0984368,0.0767546,0.0433764,0.0294091,0.01817,0,0.261116
0.891945,0.825488,0.612607,0.316526,0.140078,0.098408,0.0767322,0.0433638,0.0294005,0.0181647,0,0.261114
0.891573,0.825162,0.612242,0.316338,0.139994,0.0983493,0.0766864,0.0433379,0.0293829,0.0181539,0,0.26112
0.891592,0.825378,0.612499,0.316471,0.140053,0.0983906,0.0767186,0.0433561,0.0293953,0.0181615,0,0.261125
0.891945,0.825488,0.612607,0.316526,0.140078,0.098408,0.0767322,0.0433638,0.0294005,0.0181647,0,0.261114
