BSM_PDR1,BSM_PDR2,BSM_PDR3,BSM_PDR4,BSM_PDR5,BSM_PDR6,BSM_PDR7,BSM_PDR8,BSM_PDR9,BSM_PDR10,AverageRoutingGoodputKbps,MacPhyOverhead
1,0.998507,0.867329,0.411916,0.301822,0.254367,0.188321,0.127759,0.0891342,0.079751,0,0.0416722
0.964912,0.60597,0.309116,0.146807,0.107569,0.0906564,0.0671174,0.0455331,0.0317674,0.0284232,0,0.0416722
