BSM_PDR1,BSM_PDR2,BSM_PDR3,BSM_PDR4,BSM_PDR5,BSM_PDR6,BSM_PDR7,BSM_PDR8,BSM_PDR9,BSM_PDR10,AverageRoutingGoodputKbps,MacPhyOverhead
0.917906,0.838753,0.541595,0.264196,0.129023,0.088411,0.0688561,0.0398002,0.0271879,0.0160465,0,0.267367
0.917906,0.838753,0.541595,0.264196,0.129023,0.088411,0.0688561,0.0398002,0.0271879,0.0160465,0,0.267367
0.88946,0.792533,0.476025,0.238446,0.114591,0.0792194,0.0611647,0.0354493,0.0243441,0.0143659,0,0.269116
0.889493,0.792378,0.47596,0.238417,0.114577,0.0792096,0.0611571,0.0354449,0.0243411,0.0143642,0,0.269093
0.888839,0.791908,0.475667,0.238282,0.114512,0.0791648,0.0611225,0.0354248,0.0243273,0.0143561,0,0.268961
0.88934,0.792044,0.475409,0.238135,0.114442,0.0791162,0.061085,0.0354031,0.0243124,0.0143472,0,0.26898
0.876337,0.771965,0.450398,0.228001,0.109104,0.0756149,0.058183,0.0337245,0.023175,0.0136717,0,0.269996
0.876454,0.772507,0.451006,0.228291,0.109243,0.0757111,0.058257,0.0337674,0.0232045,0.0136891,0,0.270004
