SimulationSecond,ReceiveRate,PacketsReceived,NumberOfSinks,RoutingProtocol,TransmissionPower,WavePktsSent,WavePtksReceived,WavePktsPpr,ExpectedWavePktsReceived,ExpectedWavePktsInCoverageReceived,BSM_PDR1,BSM_PDR2,BSM_PDR3,BSM_PDR4,BSM_PDR5,BSM_PDR6,BSM_PDR7,BSM_PDR8,BSM_PDR9,BSM_PDR10,MacPhyOverhead
0,0,0,10,protocol,7.5,0,0,0,0,0,0,0,0,0,0,0,0,0,0,0,0
1,0,0,10,protocol,7.5,0,0,0,0,0,0,0,0,0,0,0,0,0,0,0,1
2,0,0,10,protocol,7.5,400,982,2.455,286,273,0.954545,0.841189,0.526824,0.327224,0.232922,0.180515,0.156419,0.156419,0.156419,0.156419,0.234554
3,0,0,10,protocol,7.5,400,1020,2.55,358,340,0.949721,0.819085,0.536278,0.334426,0.232346,0.187225,0.160504,0.160504,0.160504,0.160504,0.226685
4,0,0,10,protocol,7.5,400,1117,2.7925,334,328,0.982036,0.852642,0.58666,0.371838,0.25,0.201916,0.17464,0.17464,0.17464,0.17464,0.224059
