BSM_PDR1,BSM_PDR2,BSM_PDR3,BSM_PDR4,BSM_PDR5,BSM_PDR6,BSM_PDR7,BSM_PDR8,BSM_PDR9,BSM_PDR10,AverageRoutingGoodputKbps,MacPhyOverhead
0.889827,0.796627,0.514447,0.260621,0.124713,0.0864329,0.066507,0.0385493,0.0264906,0.0156277,0,0.269589
0.889827,0.796627,0.514447,0.260621,0.124713,0.0864329,0.066507,0.0385493,0.0264906,0.0156277,0,0.269589
