BSM_PDR1,BSM_PDR2,BSM_PDR3,BSM_PDR4,BSM_PDR5,BSM_PDR6,BSM_PDR7,BSM_PDR8,BSM_PDR9,BSM_PDR10,AverageRoutingGoodputKbps,MacPhyOverhead
0.904783,0.868645,0.654321,0.338073,0.149616,0.105109,0.081957,0.0463165,0.0314024,0.0194016,0,0.261223
0.891917,0.825467,0.612674,0.316555,0.140093,0.0984188,0.0767405,0.0433685,0.0294037,0.0181667,0,0.261221
