BSM_PDR1,BSM_PDR2,BSM_PDR3,BSM_PDR4,BSM_PDR5,BSM_PDR6,BSM_PDR7,BSM_PDR8,BSM_PDR9,BSM_PDR10,AverageRoutingGoodputKbps,MacPhyOverhead
1,0.998507,0.413357,0.196314,0.143844,0.121228,0.0897511,0.0608881,0.0424802,0.0380083,0,0.0479214
0.964912,0.465672,0.15343,0.0728676,0.053392,0.0449974,0.0333137,0.0226004,0.0157678,0.0141079,0,0.0479214
