BSM_PDR1,BSM_PDR2,BSM_PDR3,BSM_PDR4,BSM_PDR5,BSM_PDR6,BSM_PDR7,BSM_PDR8,BSM_PDR9,BSM_PDR10,AverageRoutingGoodputKbps,MacPhyOverhead
0.937302,0.90668,0.746337,0.381778,0.189867,0.127569,0.100313,0.0578304,0.0393785,0.023234,0,0.265734
0.896354,0.831333,0.556478,0.28907,0.139947,0.0964055,0.0743757,0.0431584,0.0296772,0.0174944,0,0.269427
0.909408,0.827692,0.600628,0.312599,0.153566,0.104917,0.0815803,0.0472212,0.0323221,0.0190514,0,0.267651
0.882003,0.800616,0.495689,0.257832,0.123866,0.0858798,0.0661215,0.0387336,0.0267967,0.0157545,0,0.272563
0.896695,0.805731,0.559001,0.291698,0.142371,0.0977284,0.0756324,0.0438428,0.0300518,0.017727,0,0.268811
0.885758,0.788789,0.524379,0.27366,0.132487,0.0912662,0.0704108,0.0408576,0.0280951,0.0165618,0,0.270104
0.867248,0.75836,0.471336,0.246064,0.118213,0.0819602,0.0631036,0.0369658,0.0255736,0.0150354,0,0.272242
