seed,source_id,PDR,geocast_packets,flooding_packets,mr_nodes,mr_recvs
10098, 160, 0.545455, 16, 19, 22, 12
10098, 174, 0.529412, 14, 13, 17, 9
10098, 166, 0, 2, 0, 17, 0
10098, 60, 0, 2, 0, 17, 0
10098, 119, 0, 5, 0, 17, 0
10098, 27, 0.6, 8, 13, 15, 9
10098, 110, 0, 3, 0, 20, 0
10098, 8, 0, 2, 0, 20, 0
10098, 143, 1, 13, 33, 21, 21
10098, 38, 0, 12, 0, 22, 0
