seed,source_id,PDR,geocast_packets,flooding_packets,mr_nodes,mr_recvs
10008, 160, 0.545455, 16, 19, 22, 12
10008, 110, 0, 25, 0, 22, 0
10008, 174, 0.529412, 10, 13, 17, 9
10008, 29, 0, 2, 0, 17, 0
10008, 116, 0, 7, 0, 17, 0
10008, 23, 0, 5, 0, 15, 0
10008, 7, 0, 8, 0, 15, 0
10008, 27, 1, 9, 32, 20, 20
10008, 8, 1, 14, 32, 21, 21
10008, 143, 1, 12, 38, 23, 23
