seed,source_id,PDR,geocast_packets,flooding_packets,mr_nodes,mr_recvs
10044, 165, 1, 1, 80, 47, 47
10044, 394, 1, 1, 74, 41, 41
10044, 32, 0.487805, 1, 34, 41, 20
10044, 7, 0.525, 1, 36, 40, 21
10044, 326, 0.542857, 1, 36, 35, 19
10044, 150, 1, 1, 70, 36, 36
10044, 60, 0, 1, 0, 35, 0
10044, 153, 1, 1, 75, 42, 42
10044, 235, 1, 1, 82, 42, 42
10044, 313, 1, 1, 79, 44, 44
