seed,source_id,PDR,geocast_packets,flooding_packets,mr_nodes,mr_recvs
10012, 17, 0.545455, 13, 20, 22, 12
10012, 119, 0, 5, 0, 21, 0
10012, 160, 0.529412, 13, 14, 17, 9
10012, 166, 0, 8, 0, 17, 0
10012, 143, 0, 9, 0, 17, 0
10012, 7, 0, 8, 0, 15, 0
10012, 32, 0, 228, 0, 16, 0
10012, 27, 1, 8, 31, 20, 20
10012, 23, 0, 4, 0, 21, 0
10012, 8, 1, 18, 36, 22, 22
