seed,source_id,PDR,geocast_packets,flooding_packets,mr_nodes,mr_recvs
10012, 17, 0.545455, 1, 20, 22, 12
10012, 119, 0, 1, 0, 21, 0
10012, 160, 0.529412, 1, 14, 17, 9
10012, 166, 0, 1, 0, 17, 0
10012, 143, 0, 1, 0, 17, 0
10012, 7, 0, 1, 0, 15, 0
10012, 32, 0, 1, 0, 16, 0
10012, 27, 1, 1, 31, 20, 20
10012, 23, 0, 1, 0, 21, 0
10012, 8, 1, 1, 36, 22, 22
