seed,source_id,PDR,geocast_packets,flooding_packets,mr_nodes,mr_recvs
10075, 116, 0.545455, 24, 20, 22, 12
10075, 29, 0, 1, 0, 22, 0
10075, 160, 0.529412, 14, 12, 17, 9
10075, 56, 0, 8, 0, 17, 0
10075, 119, 0, 5, 0, 17, 0
10075, 143, 0, 8, 0, 15, 0
10075, 110, 0, 7, 0, 20, 0
10075, 171, 1, 20, 31, 21, 21
10075, 32, 0, 7, 0, 21, 0
10075, 11, 1, 27, 35, 22, 22
