seed,source_id,PDR,geocast_packets,flooding_packets,mr_nodes,mr_recvs
10025, 116, 0.545455, 24, 20, 22, 12
10025, 27, 0.545455, 12, 14, 22, 12
10025, 38, 0, 2, 0, 17, 0
10025, 166, 0, 7, 0, 17, 0
10025, 98, 0, 7, 0, 17, 0
10025, 174, 0, 6, 0, 15, 0
10025, 60, 0, 8, 0, 16, 0
10025, 119, 1, 6, 35, 21, 21
10025, 29, 0, 1, 0, 21, 0
10025, 171, 1, 8, 42, 23, 23
