source_id,source_x,source_y,time,hop,pri_1_id,pri_2_id,pri_3_id,pri_4_id,pri_5_id,pri_1_r,pri_2_r,pri_3_r,pri_4_r,pri_5_r,des_id,inter_1id ,inter_2id ,inter_3id ,inter_4id ,inter_5id ,send_log
29, -1, 174, 5299999, 1, 56, 32, 166, 160, 64, 1, 1, 1, 1, 0.437634, 142, 0, 0, 1, 1, 1, 0
166, 12, 198, 5300200, 2, 27, 17, 56, 32, 119, 0.775083, 0.700244, 1, 1, 0.30761, 142, 0, 0, 0, 0, 1, 0
160, 12, 198, 5300200, 2, 116, 56, 119, 174, 32, 0.700398, 1, 0.470086, 0.467623, 1, 142, 1, 0, 1, 1, 0, 0
56, 24, 198, 5300200, 2, 174, 119, 116, 17, 23, 0.935247, 0.787972, 0.611461, 0.606725, 0.233449, 142, 1, 1, 1, 0, 1, 1
32, 1, 224, 5300200, 2, 64, 56, 10000000, 10000000, 10000000, 0.606111, 1, 0, 0, 0, 142, 0, 0, 1, 1, 1, 0
116, 187, 201, 5300869, 3, 186, 137, 125, 23, 27, 1, 1, 1, 1, 1, 142, 1, 1, 1, 0, 0, 0
174, 187, 201, 5300869, 3, 125, 23, 27, 194, 13, 1, 1, 1, 0.608894, 0.609285, 142, 1, 0, 0, 1, 1, 1
119, 201, 212, 5300869, 3, 149, 165, 65, 137, 13, 1, 1, 0.784733, 0.700413, 0.701863, 142, 1, 1, 0, 1, 0, 0
23, 201, 225, 5301538, 4, 165, 189, 13, 137, 149, 1, 0.931044, 0.93567, 0.876848, 0.441779, 142, 1, 1, 0, 1, 1, 1
27, 224, 198, 5301538, 4, 180, 141, 105, 194, 177, 1, 1, 0.775891, 0.703147, 0.235051, 142, 1, 1, 1, 1, 1, 0
13, 198, 374, 5306208, 5, 45, 65, 135, 195, 186, 1, 1, 1, 1, 1, 142, 0, 0, 1, 1, 1, 1
135, 213, 398, 5314877, 6, 18, 45, 65, 143, 10000000, 1, 1, 1, 0.233226, 0, 142, 0, 0, 0, 1, 1, 0
45, 225, 398, 5314877, 6, 18, 10000000, 10000000, 10000000, 10000000, 1, 0, 0, 0, 0, 142, 0, 1, 1, 1, 1, 1
186, 201, 412, 5314877, 6, 45, 65, 10000000, 10000000, 10000000, 1, 1, 0, 0, 0, 142, 0, 0, 1, 1, 1, 0
195, 201, 412, 5314877, 6, 67, 45, 65, 116, 10000000, 0.760628, 1, 1, 0.232669, 0, 142, 0, 0, 0, 1, 1, 0
65, 201, 427, 5314877, 6, 174, 10000000, 10000000, 10000000, 10000000, 0.233012, 0, 0, 0, 0, 142, 1, 1, 1, 1, 1, 0
18, 373, 401, 5315546, 7, 24, 107, 53, 104, 10000000, 1, 0.466853, 0.467271, 1, 0, 142, 0, 1, 1, 1, 1, 1
104, 398, 385, 5316215, 8, 24, 96, 10000000, 10000000, 10000000, 1, 0.434243, 0, 0, 0, 142, 0, 1, 1, 1, 1, 0
24, 427, 398, 5316216, 8, 53, 131, 35, 21, 10000000, 1, 0.696304, 0.702918, 0.305759, 0, 142, 0, 1, 0, 1, 1, 1
