seed,source_id,PDR,geocast_packets,flooding_packets,mr_nodes,mr_recvs
10086, 116, 0.545455, 24, 20, 22, 12
10086, 17, 0.545455, 18, 13, 22, 12
10086, 11, 0, 1, 0, 17, 0
10086, 7, 0, 1, 0, 17, 0
10086, 38, 0, 7, 0, 17, 0
10086, 160, 0.6, 13, 12, 15, 9
10086, 98, 0, 12, 0, 20, 0
10086, 143, 1, 12, 33, 21, 21
10086, 8, 1, 16, 34, 21, 21
10086, 171, 0, 11, 0, 23, 0
