seed,source_id,PDR,geocast_packets,flooding_packets,mr_nodes,mr_recvs
10002, 29, 0, 20, 0, 48, 0
10002, 7, 1, 16, 76, 47, 47
10002, 23, 0.512195, 18, 38, 41, 21
10002, 17, 0, 5, 0, 40, 0
10002, 235, 0.512821, 14, 36, 39, 20
10002, 263, 0, 6, 0, 35, 0
10002, 216, 1, 20, 72, 40, 40
10002, 123, 0, 5, 0, 42, 0
10002, 27, 1, 6, 79, 39, 39
10002, 132, 1, 6, 84, 42, 42
