seed,source_id,PDR,geocast_packets,flooding_packets,mr_nodes,mr_recvs
10032, 116, 0.545455, 1, 20, 22, 12
10032, 166, 0.529412, 1, 13, 17, 9
10032, 23, 0, 1, 0, 17, 0
10032, 60, 0, 1, 0, 17, 0
10032, 8, 0, 1, 0, 17, 0
10032, 160, 0, 1, 0, 15, 0
10032, 32, 0, 1, 0, 16, 0
10032, 27, 1, 1, 32, 20, 20
10032, 7, 0, 1, 0, 21, 0
10032, 29, 1, 1, 36, 22, 22
