seed,source_id,PDR,geocast_packets,flooding_packets,mr_nodes,mr_recvs
10041, 330, 1, 35, 79, 47, 47
10041, 216, 1, 13, 77, 41, 41
10041, 32, 0.487805, 12, 33, 41, 20
10041, 235, 0, 7, 0, 40, 0
10041, 270, 0.513514, 18, 34, 37, 19
10041, 176, 1, 19, 71, 36, 36
10041, 170, 1, 15, 73, 40, 40
10041, 17, 0, 9, 0, 40, 0
10041, 238, 1, 8, 79, 42, 42
10041, 379, 0, 5, 0, 44, 0
