seed,source_id,PDR,geocast_packets,flooding_packets,mr_nodes,mr_recvs
10002, 32, 0, 1, 0, 22, 0
10002, 27, 0.545455, 1, 16, 22, 12
10002, 17, 0.529412, 1, 14, 17, 9
10002, 11, 0, 1, 0, 17, 0
10002, 171, 0, 1, 0, 17, 0
10002, 7, 0.6, 1, 14, 15, 9
10002, 60, 0, 1, 0, 16, 0
10002, 8, 1, 1, 34, 20, 20
10002, 166, 1, 1, 35, 22, 22
10002, 119, 0, 1, 0, 22, 0
