seed,source_id,PDR,geocast_packets,flooding_packets,mr_nodes,mr_recvs
10030, 7, 1, 1, 80, 48, 48
10030, 238, 1, 1, 81, 41, 41
10030, 32, 0.487805, 1, 33, 41, 20
10030, 264, 0.525, 1, 36, 40, 21
10030, 249, 0.526316, 1, 37, 38, 20
10030, 344, 0, 1, 0, 35, 0
10030, 98, 0, 1, 0, 39, 0
10030, 284, 0, 1, 0, 42, 0
10030, 38, 1, 1, 73, 39, 39
10030, 216, 1, 1, 77, 44, 44
