seed,source_id,PDR,geocast_packets,flooding_packets,mr_nodes,mr_recvs
10030, 27, 1, 1, 36, 22, 22
10030, 171, 0, 1, 0, 17, 0
10030, 160, 0.529412, 1, 15, 17, 9
10030, 11, 0, 1, 0, 17, 0
10030, 32, 0.529412, 1, 14, 17, 9
10030, 60, 0, 1, 0, 15, 0
10030, 8, 1, 1, 33, 15, 15
10030, 116, 1, 1, 34, 21, 21
10030, 7, 1, 1, 33, 21, 21
10030, 98, 1, 1, 33, 22, 22
