seed,source_id,PDR,geocast_packets,flooding_packets,mr_nodes,mr_recvs
10033, 174, 0.545455, 1, 21, 22, 12
10033, 11, 0, 1, 0, 22, 0
10033, 56, 0.529412, 1, 13, 17, 9
10033, 110, 0, 1, 0, 17, 0
10033, 27, 0, 1, 0, 17, 0
10033, 98, 0, 1, 0, 15, 0
10033, 17, 0, 1, 0, 15, 0
10033, 60, 1, 1, 33, 21, 21
10033, 8, 1, 1, 29, 21, 21
10033, 119, 0, 1, 0, 22, 0
