seed,source_id,PDR,geocast_packets,flooding_packets,mr_nodes,mr_recvs
10054, 60, 0, 10, 0, 22, 0
10054, 17, 0.5, 17, 15, 22, 11
10054, 116, 0.529412, 10, 13, 17, 9
10054, 166, 0, 12, 0, 17, 0
10054, 29, 0.529412, 15, 13, 17, 9
10054, 56, 0.6, 11, 13, 15, 9
10054, 174, 1, 11, 33, 20, 20
10054, 38, 1, 15, 33, 20, 20
10054, 119, 1, 12, 34, 21, 21
10054, 23, 0, 8, 0, 22, 0
