seed,source_id,PDR,geocast_packets,flooding_packets,mr_nodes,mr_recvs
10001, 174, 0.545455, 1, 21, 22, 12
10001, 171, 0, 1, 0, 17, 0
10001, 160, 0.529412, 1, 12, 17, 9
10001, 56, 0, 1, 0, 17, 0
10001, 7, 0, 1, 0, 17, 0
10001, 17, 0.6, 1, 13, 15, 9
10001, 110, 0, 1, 0, 20, 0
10001, 60, 1, 1, 30, 21, 21
10001, 143, 1, 1, 33, 21, 21
10001, 27, 1, 1, 34, 22, 22
