seed,source_id,PDR,geocast_packets,flooding_packets,mr_nodes,mr_recvs
10043, 166, 0.545455, 1, 22, 22, 12
10043, 56, 0.5, 1, 14, 22, 11
10043, 23, 0, 1, 0, 17, 0
10043, 160, 0.352941, 1, 6, 17, 6
10043, 119, 0, 1, 0, 17, 0
10043, 110, 0, 1, 0, 15, 0
10043, 32, 0, 1, 0, 16, 0
10043, 38, 1, 1, 34, 20, 20
10043, 27, 0, 1, 0, 21, 0
10043, 29, 1, 1, 38, 22, 22
