seed,source_id,PDR,geocast_packets,flooding_packets,mr_nodes,mr_recvs
10012, 267, 0, 15, 0, 36, 0
10012, 126, 0, 11, 0, 35, 0
10012, 147, 0.551724, 21, 30, 29, 16
10012, 153, 0.448276, 12, 24, 29, 13
10012, 144, 0, 20, 0, 29, 0
10012, 281, 0.807692, 30, 44, 26, 21
10012, 32, 0, 3, 0, 26, 0
10012, 164, 1, 18, 49, 32, 32
10012, 23, 1, 8, 54, 30, 30
10012, 212, 1, 12, 61, 32, 32
