seed,source_id,PDR,geocast_packets,flooding_packets,mr_nodes,mr_recvs
10098, 160, 0.545455, 16, 21, 22, 12
10098, 174, 0.529412, 19, 12, 17, 9
10098, 166, 0.529412, 23, 11, 17, 9
10098, 60, 0, 7, 0, 17, 0
10098, 119, 0, 5, 0, 17, 0
10098, 27, 0.6, 16, 13, 15, 9
10098, 110, 0, 6, 0, 20, 0
10098, 8, 0, 9, 0, 20, 0
10098, 143, 0, 9, 0, 21, 0
10098, 38, 0, 1, 0, 22, 0
