source_id,source_x,source_y,time,hop,pri_1_id,pri_2_id,pri_3_id,pri_4_id,pri_5_id,pri_1_r,pri_2_r,pri_3_r,pri_4_r,pri_5_r,des_id,inter_1id ,inter_2id ,inter_3id ,inter_4id ,inter_5id ,send_log
98, 201, 25, 5299999, 1, 23, 368, 60, 199, 249, 1, 1, 1, 0.916738, 0.469003, 297, 0, 1, 0, 1, 1, 0
60, 198, 171, 5300200, 2, 238, 129, 344, 263, 199, 1, 1, 1, 1, 1, 297, 1, 1, 1, 1, 1, 0
249, 201, 212, 5300200, 2, 366, 386, 229, 399, 13, 1, 0.701043, 0.698905, 0.609168, 0.614284, 297, 1, 1, 1, 1, 0, 0
368, 201, 212, 5300200, 2, 305, 193, 311, 386, 65, 1, 1, 0.77471, 0.701043, 0.79731, 297, 1, 1, 1, 1, 0, 1
