source_id,source_x,source_y,time,hop,pri_1_id,pri_2_id,pri_3_id,pri_4_id,pri_5_id,pri_1_r,pri_2_r,pri_3_r,pri_4_r,pri_5_r,des_id,inter_1id ,inter_2id ,inter_3id ,inter_4id ,inter_5id ,send_log
166, 12, 198, 5299999, 1, 27, 17, 32, 56, 119, 0.775203, 0.700277, 1, 1, 0.307629, 97, 0, 0, 0, 0, 1, 0
56, 24, 198, 5300200, 2, 174, 119, 116, 17, 23, 0.935247, 0.787972, 0.611461, 0.606725, 0.233449, 97, 1, 1, 1, 0, 1, 0
32, 1, 224, 5300200, 2, 64, 10000000, 10000000, 10000000, 10000000, 0.606111, 0, 0, 0, 0, 97, 0, 1, 1, 1, 1, 1
