source_id,source_x,source_y,time,hop,pri_1_id,pri_2_id,pri_3_id,pri_4_id,pri_5_id,pri_1_r,pri_2_r,pri_3_r,pri_4_r,pri_5_r,des_id,inter_1id ,inter_2id ,inter_3id ,inter_4id ,inter_5id ,send_log
29, -1, 174, 5299999, 1, 32, 166, 160, 56, 64, 1, 1, 1, 0.933005, 0.437634, 142, 0, 1, 1, 0, 1, 0
166, 12, 198, 5300200, 2, 27, 17, 56, 32, 119, 0.775083, 0.700244, 1, 1, 0.30761, 142, 0, 0, 0, 0, 1, 0
160, 12, 198, 5300200, 2, 116, 56, 119, 174, 32, 0.700398, 1, 0.470086, 0.467623, 1, 142, 1, 0, 1, 1, 0, 0
32, 1, 224, 5300200, 2, 64, 10000000, 10000000, 10000000, 10000000, 0.606111, 0, 0, 0, 0, 142, 0, 1, 1, 1, 1, 1
