source_id,source_x,source_y,time,hop,pri_1_id,pri_2_id,pri_3_id,pri_4_id,pri_5_id,pri_1_r,pri_2_r,pri_3_r,pri_4_r,pri_5_r,des_id,inter_1id ,inter_2id ,inter_3id ,inter_4id ,inter_5id ,send_log
23, 201, 225, 5299999, 1, 165, 189, 13, 137, 65, 1, 0.931378, 0.936007, 0.87744, 0.44183, 74, 1, 1, 0, 1, 1, 0
137, 198, 387, 5300200, 2, 65, 45, 195, 186, 149, 1, 1, 1, 1, 1, 74, 0, 0, 1, 1, 1, 0
165, 198, 387, 5300200, 2, 65, 45, 195, 186, 149, 1, 1, 1, 1, 1, 74, 0, 0, 1, 1, 1, 1
189, 198, 387, 5300200, 2, 65, 45, 195, 186, 149, 1, 1, 1, 1, 1, 74, 0, 0, 1, 1, 1, 0
186, 201, 412, 5300606, 3, 65, 45, 10000000, 10000000, 10000000, 1, 1, 0, 0, 0, 74, 0, 0, 1, 1, 1, 0
195, 201, 412, 5300606, 3, 67, 65, 45, 116, 10000000, 0.768975, 1, 1, 0.233444, 0, 74, 0, 0, 0, 1, 1, 0
149, 201, 412, 5300606, 3, 67, 65, 45, 10000000, 10000000, 1, 1, 1, 0, 0, 74, 0, 0, 0, 1, 1, 0
45, 225, 398, 5300606, 3, 18, 65, 10000000, 10000000, 10000000, 1, 0.939255, 0, 0, 0, 74, 0, 0, 1, 1, 1, 1
65, 201, 426, 5300606, 3, 174, 10000000, 10000000, 10000000, 10000000, 0.233789, 0, 0, 0, 0, 74, 1, 1, 1, 1, 1, 1
